name;category;description;images;tags
Creatina ANIMAL;Creatina;Lorem ipsum dolor sit amet, consectetur adipiscing elit. Sed do eiusmod tempor incididunt ut labore et dolore magna aliqua. Ut enim ad minim veniam, quis nostrud exercitation ullamco laboris nisi ut aliquip ex ea commodo consequat.;"[""img/catalogo/whey-animal-universal-vainilla-1.webp"", ""img/catalogo/whey-animal-universal-vainilla-2.webp"", ""img/catalogo/whey-animal-universal-vainilla-3.webp""]";"[""Recuperación"", ""Ganancia Muscular""]"
Creatina body Advance ;Creatina;;;"[""Recuperación"", ""Ganancia Muscular""]"
Creatina Growth DP;Creatina;;;"[""Recuperación"", ""Ganancia Muscular""]"
Creatina Star Nutricion Doy Pack;Creatina;;;"[""Recuperación"", ""Ganancia Muscular""]"
Creatina Bsn IMPORTADA;Creatina;;;"[""Recuperación"", ""Ganancia Muscular""]"
Creatina ENA Doy Pack;Creatina;;;"[""Recuperación"", ""Ganancia Muscular""]"
Whey Protein Star Nutricion Doy Pack Chocolate;Proteína;;;"[""Ganancia Muscular""]"
Whey Protein Star Nutricion Doy Pack Vainilla;Proteína;;;"[""Ganancia Muscular""]"
Whey Protein Star Nutricion Doy Pack Frutilla;Proteína;;;"[""Ganancia Muscular""]"
Whey Protein Body Advance Chocolate;Proteína;;;"[""Ganancia Muscular""]"
Whey Protein Body Advance Frutilla;Proteína;;;"[""Ganancia Muscular""]"
Whey Protein Body Advance Vainilla;Proteína;;;"[""Ganancia Muscular""]"
Whey Protein Platinunm Star Nutricion Chocolate;Proteína;;;"[""Ganancia Muscular""]"
Colageno Growth ;Colágeno;;;"[""Bienestar"", ""Salud""]"
Colageno Star Nutricion ;Colágeno;;;"[""Bienestar"", ""Salud""]"
Citrato de Magnesio Ena ;Citrato de Magnesio ;;;"[""Bienestar"", ""Salud""]"
Citrato de Magnesio Nutrepharma;Citrato de Magnesio ;;;"[""Bienestar"", ""Salud""]"
ZMA Star Nutricion;Aminoácidos;;;"[""Bienestar"", ""Salud""]"
Protein Bar Ena;Barra Proteica;;;"[""Energía"", ""Proteínas""]"
PRE ENTRENO ANIMAL Best Plus SPX;Pre-entreno;;;"[""Energía"", ""Potenciador"", ""Pre-entreno""]"
PRE WAR ENA FRUIT PUNCH;Pre-entreno;;;"[""Energía"", ""Potenciador"", ""Pre-entreno""]"
PRE ENTRENO OPTIMUM NUTRITION;Pre-entreno;;;"[""Energía"", ""Potenciador"", ""Pre-entreno"", ""Importado""]"
